name,url,username,password
10.144.96.175,http://10.144.96.175:8080/visualiser/login/,stbuser,stbpassword
10.144.97.77,http://10.144.97.77:8080/visualiser/login/,jiogames,jiogamespassword
10.157.243.183,http://10.157.243.183/,Srija.Chowdhury@ril.com,GoldieRil@5841
10.159.19.159,http://10.159.19.159:8090/login/,Srija.Chowdhury@ril.com,temp123
10.159.19.159,http://10.159.19.159:8090/login/,srija,temp123
192.168.182.201,http://192.168.182.201:9084/Sristi6/WISHN/Login.jsp,sanchita,987654321
acnsts.accenture.com,https://acnsts.accenture.com/adfs/ls/,srija5584@gmail.com,Srija@accenture5
www.amazon.ca,https://www.amazon.ca/ap/signin,srija5584@gmail.com,Srija@prime123
www.amazon.com,https://www.amazon.com/ap/signin,srija5584@gmail.com,Srija@prime123
www.amazon.in,https://www.amazon.in/ap/signin,srija5584@gmail.com,Srija@prime123
id.elsevier.com,https://id.elsevier.com/as/6QTln/resume/as/authorization.ping,srija5584@gmail.com,Srija@SD5
passbook.epfindia.gov.in,https://passbook.epfindia.gov.in/MemberPassBook/Login,100174160556,Jayanta@1966
passbook.epfindia.gov.in,https://passbook.epfindia.gov.in/MemberPassBook/Login,101210588223,wacAHS@@&520
unifiedportal-mem.epfindia.gov.in,https://unifiedportal-mem.epfindia.gov.in/memberinterface/,100174160556,Jayanta@1966
unifiedportal-mem.epfindia.gov.in,https://unifiedportal-mem.epfindia.gov.in/memberinterface/,101210588223,wacAHS@@&520
github.com,https://github.com/session,srija5584@gmail.com,iamgoldie584
www.goindigo.in,https://www.goindigo.in/member/reset-password.html,9674471864,IndiGol@5
portal.incometaxindiaefiling.gov.in,https://portal.incometaxindiaefiling.gov.in/e-Filing/UserLogin/LoginHome.html,BCLPC0882Q,Goldie@ITR5
www1.incometaxindiaefiling.gov.in,https://www1.incometaxindiaefiling.gov.in/e-FilingGS/ResetPassword/RedirectionAction.html,05/10/1995,dasgupta
www1.incometaxindiaefiling.gov.in,https://www1.incometaxindiaefiling.gov.in/e-FilingGS/ResetPassword/ResetPaswdSecQuesFailOTP.html,BCLPC0882Q,Goldie@ITR5
devops.jio.com,https://devops.jio.com/,Srija.Chowdhury,GoldieRil@584
lepim.jio.com,https://lepim.jio.com/PasswordVault/v10/logon/ldap,Srija.Chowdhury,GoldieRil@584
pim.jio.com,https://pim.jio.com/PasswordVault/v10/logon/ldap,Srija.Chowdhury,GoldieRil@584
pimauth.jio.com,https://pimauth.jio.com/logon/LogonPoint/tmindex.html,Srija.Chowdhury,GoldieRil@584
tops.jio.com,https://tops.jio.com/isecurity/,Srija.Chowdhury,GoldieRil@584
login.jioconnect.com,https://login.jioconnect.com/,Srija.Chowdhury,GoldieRil@584
leetcode.com,https://leetcode.com/accounts/social/signup/,srija5584@gmail.com,iamgoldie584
www.linkedin.com,https://www.linkedin.com/uas/login,srija5584@gmail.com,iamgoldie
gtc21.event.nvidia.com,https://gtc21.event.nvidia.com/register,Srija.Chowdhury@ril.com,Srija@RilNvidia5
gtc21.event.nvidia.com,https://gtc21.event.nvidia.com/register,srija5584@gmail.com,Srija@nvidia5
login.nvgs.nvidia.com,https://login.nvgs.nvidia.com/v1/create-account,Srija.Chowdhury@ril.com,Srija@RilNvidia5
www.overleaf.com,https://www.overleaf.com/login,srija5584@gmail.com,iamgoldie584
user.apis.paralleldots.com,https://user.apis.paralleldots.com/login,srija5584@gmail.com,goldie555
www.payscale.com,https://www.payscale.com/CreateAccount.aspx,srija5584@gmail.com,Srija@pay
pp-admin-bs.jio.com,http://pp-admin-bs.jio.com:8010/login,Srija.Chowdhury@ril.com,User@1234
careers.quantiphi.com,https://careers.quantiphi.com/candidate/,srija5584@gmail.com,Srija@quantiphi5
reg.rainfocus.com,https://reg.rainfocus.com/flow/nvidia/gtc2021/regdli/createaccount,Srija.Chowdhury@ril.com,Srija@Nvidia5
ess.ril.com,https://ess.ril.com/irj/servlet/prt/portal/prtroot/pcd!3aportal_content!2fcom.ril.fld.ril_content!2fcom.ril.NEW_ESS_PAGE,Srija.Chowdhury,GoldieRil@584
jiosaysthanq.jio.ril.com,https://jiosaysthanq.jio.ril.com/,Srija.Chowdhury,GoldieRil@584
git.rjil.ril.com,https://git.rjil.ril.com/users/sign_in,Srija.Chowdhury,GoldieRil@584
rworld.ril.com,https://rworld.ril.com/ci/login,Srija.Chowdhury,GoldieRil@584
sendit.ril.com,http://sendit.ril.com/webftp/AdminLogin.aspx,Srija.Chowdhury,GoldieRil@584
career2.successfactors.eu,https://career2.successfactors.eu/career,srija5584@gmail.com,Srija@ericsson5
tas-ey.taleo.net,https://tas-ey.taleo.net/careersection/careersection/candidateacquisition/flow.jsf,Resume,Goldie@ey5
tas-ey.taleo.net,https://tas-ey.taleo.net/careersection/iam/accessmanagement/login.jsf,SrijaC,Goldie@ey5
zoom.us,https://zoom.us/wc/95874969380/join,,426385
